{
  "mean_hours": 8.431726926736442,
  "std_hours": 15.928624535154444,
  "median_hours": 0.015416666666666665,
  "gamma_shape": 0.16083156508213636,
  "gamma_scale": 58.182447974169655,
  "gamma_loc": 0.001111111111111111,
  "lognorm_s": 4.2373197045884865,
  "lognorm_scale": 0.0937751807869124,
  "lognorm_loc": 0.0011111096319986024,
  "expon_scale": 8.43061581562533,
  "expon_loc": 0.0011111111111111111,
  "active_hours": [
    11.0,
    12.0,
    13.0,
    14.0,
    15.0,
    16.0,
    17.0,
    18.0,
    19.0,
    20.0
  ],
  "hourly_distribution": {
    "0.0": 6,
    "1.0": 3,
    "6.0": 3,
    "7.0": 36,
    "8.0": 10,
    "9.0": 122,
    "10.0": 283,
    "11.0": 394,
    "12.0": 553,
    "13.0": 571,
    "14.0": 621,
    "15.0": 543,
    "16.0": 500,
    "17.0": 611,
    "18.0": 535,
    "19.0": 552,
    "20.0": 515,
    "21.0": 277,
    "22.0": 129,
    "23.0": 52
  }
}